ar score_mean_rank,ar score_std_rank,er score_mean_rank,er score_std_rank,fsr score_mean_rank,fsr score_std_rank
4.392,2.3199862068555497,3.997,1.9506386133776803,10.392,5.672066290162696
4.69,2.2960618458569444,3.954,2.042519032959057,10.381,5.698055721033271
4.484,2.2618010522590177,4.046,1.9984704150925028,10.923,5.780058044691247
4.467,2.2744034382668348,3.959,1.9898037591682252,10.519,5.765903138277645
4.464,2.307532014945838,3.954,1.9969687028093357,35.0,0.0
28.48,0.49959983987187184,58.0,0.0,10.424,5.831657054388573
9.53,0.5030904491242107,4.034,2.0265349737914713,10.508,5.714712241224399
11.0,0.0,19.487,0.49983097142934235,10.463,5.7126728420241255
4.42,2.2714752915231102,9.51,0.4998999899979994,77.49,0.49989998999799956
49.0,0.0,197.523,0.5014688425017052,10.442,5.799709992749637
4.518,2.2732522957208245,4.057,1.9924233987784825,601.498,0.49999599998399985
30.0,0.0,49.0,0.0,785.5,1.697056274847714
4.567,2.31506177023422,7.999,0.03160696125855822,409.514,0.4998039615689336
53.0,0.0,71.0,0.0,10.305,5.724855893382819
50.0,0.0,68.0,0.0,944.392,1.7413603877428705
169.51,0.4998999899979995,98.0,0.0,10.681,5.892133654288572
58.0,0.0,156.0,0.0,1094.913,2.0108284362421376
55.0,0.0,183.0,0.0,960.086,2.5978075371358824
81.0,0.0,261.995,0.8018572192105027,10.663,5.770565916788405
54.0,0.0,125.499,0.49999899999900005,1010.033,2.5748613554908157
274.057,0.8171603269860818,410.013,0.8030136985132944,10.383,5.958885046718051
66.0,0.0,209.0,0.0,1305.956,3.134655323955091
95.999,0.03160696125855822,80.0,0.0,1216.201,2.6001151897560226
157.0,0.0,57.0,0.0,1215.857,2.5695429554689295
209.001,0.03160696125855822,76.0,0.0,1122.916,2.0131924895548363
112.0,0.0,112.505,0.4999749993749687,1244.549,1.709268557014959
73.0,0.0,219.0,0.0,1340.016,1.9747769494299856
280.488,0.49985597925802594,129.0,0.0,1272.394,1.7142823571395698
841.097,3.196809503239128,147.483,0.49971091643069004,52.492,0.49993599590347565
160.998,0.06321392251711644,72.0,0.0,546.474,1.7272301525853468
273.942,0.794125934597278,169.001,0.03160696125855822,897.504,1.7169694231406687
507.461,1.7333433012533896,565.522,1.1142333687338573,80.0,0.0
234.009,0.8372090539405316,145.49,0.4998999899979995,1137.442,1.6764951535867916
156.0,0.0,220.0,0.0,1216.094,2.6715471173086205
659.975,2.508062000828528,842.568,1.693332808398869,137.03,0.8264986388373546
329.005,0.8130036900285263,425.515,1.1286164095918507,10.856,5.645818275502675
320.474,0.4993235424051222,770.65,2.291615150936125,312.032,0.8215692301930496
173.0,0.0,232.511,0.4998789853554559,1066.61,1.7314444836609688
216.998,0.04467661580737735,234.0,0.0,1094.971,1.9354996770859976
887.004,1.404273477638882,1371.609,2.905532481319044,50.0,0.0
152.0,0.0,467.01,1.4359317532529183,771.008,1.9939749246166563
310.962,0.8345993050560251,170.503,0.49999099991899854,10.528,5.730202090677082
277.518,1.1125088763690834,364.001,0.03160696125855822,992.03,2.011740539930535
328.989,0.8275741658606797,242.506,0.5019601577814718,1284.075,2.591018139650898
354.026,0.8229969623273222,881.959,3.189877583858039,765.482,0.50167320040042
1078.541,2.880333140454416,1047.486,3.911240723862442,109.0,0.0
98.0,0.0,41.481,0.4996388695848232,1169.161,2.5959736131170517
134.0,0.0,320.999,0.031606961258558205,1025.52,1.6951696080333671
221.0,0.0,100.0,0.8246211251235321,1168.974,2.513030839444673
1412.524,0.49942366784124265,1129.371,2.979154074565463,108.0,0.0
244.0,0.0,882.023,3.1771797242208373,914.07,2.055018248094162
449.954,1.4233355191240051,735.952,2.0375711030538297,56.001,0.03160696125855822
257.513,0.5018276596601666,479.486,1.089864211725479,1294.551,1.6886085988173811
236.49,0.4998999899979995,910.391,2.3169201539975433,546.4,1.692926460304759
306.0,0.0,318.496,0.4999839997439917,1263.755,3.176629503105453
401.044,0.8000399990000501,242.493,0.49995099759876477,1169.121,2.571839613972847
555.433,2.241319031284926,327.0,0.0,650.0,0.0
598.93,1.4453719244540484,828.434,1.760012499955611,39.49,0.49989998999799945
570.999,0.05476312628037226,894.367,2.2900460694055917,397.0,0.0
511.978,0.8243276047785857,835.584,2.2884370212002776,819.022,0.8071654105572165
106.0,0.0,273.491,0.4999189934379369,1264.041,3.0859875242780874
773.493,1.7544090173046876,736.015,2.031938729391219,758.003,0.8240091018914779
470.007,0.8276176653503717,1073.745,2.915471659954869,497.504,1.1153403068122303
795.478,2.2679320977489605,670.522,1.1249515545124598,37.513,0.4998309714293424
430.02,1.3941305534274757,986.45,2.968417086596828,217.497,0.5019870516258362
470.0,0.8234075540095561,853.959,2.560335720174212,217.505,0.5019711147068125
400.959,0.8314559519301067,828.522,1.709244277451295,81.0,0.0
155.0,0.0,571.485,1.1017145728363587,1216.058,2.5683917146728223
343.049,0.8127724158705191,436.011,0.8129446475621818,1215.995,2.5520530950589566
466.998,0.836657636073442,619.011,0.8190720359040468,907.586,1.7095625171370599
195.0,0.0,449.033,0.8098833249302025,897.511,1.7140242121977158
361.0,0.0,615.501,1.0936173919611925,1381.507,1.721612906550134
648.442,1.1404542954454597,868.521,2.31895644633529,61.0,0.0
694.065,1.4066893758040544,1194.543,5.75448963853442,862.986,1.3754286604546233
634.967,1.4428828781297531,388.506,0.4999639987039067,10.565,5.667960391534154
960.072,2.573483242611072,192.494,0.5039484100580138,210.492,0.4999359959034756
681.04,2.584260048834095,684.568,1.7156269990880888,140.0,0.0
467.022,0.7870933870894864,1180.097,2.5486449340777146,21.972,0.8204974101116956
352.0,0.0,397.003,0.825221788369648,1198.592,4.070815151784713
977.519,2.3124962702672622,814.435,1.7209808249948633,29.015,0.8263020029020868
493.516,0.5017409690268476,735.946,1.987733382523924,1333.531,1.6955939962148956
188.0,0.0,118.0,0.0,546.471,1.7225443390519737
538.975,0.8212033852828421,246.0,0.0,1381.482,1.6815695049566044
903.035,1.3992051314943066,949.995,2.0082268298177874,351.481,1.1232270473951382
423.432,1.710373058721401,664.439,1.1217303597567465,152.49,0.4998999899979995
555.563,2.3626322185223834,543.999,0.8215832276769043,134.0,0.0
461.535,1.1457639372924946,1015.726,4.651765686274407,1079.115,1.969714446309414
473.485,1.1303871018372424,910.525,2.2652538489096536,753.476,1.6945276628016435
897.029,2.0199403456538016,1194.584,5.837888659438446,133.0,0.0
393.48,1.14,1015.424,4.51112225504918,534.494,0.4999639987039067
672.491,1.1357460103385792,309.489,0.5058448378702702,1095.06,2.004594722132132
532.472,1.6562656791710684,591.534,0.5048207602704152,339.0,0.0
545.504,0.4999839997439917,525.948,1.4118413508606409,1009.866,2.5969297256568185
935.053,2.6363214902587275,496.991,0.821534539748634,849.419,1.6832822104448202
1088.103,2.5904422402362113,800.528,1.134555419536657,104.0,0.0
764.482,1.117889082154397,728.006,2.6069069795449162,97.0,0.0
720.494,0.5039484100580138,1030.047,2.0126576956849864,9.917,5.799837152886278
532.472,1.7427610277946888,417.503,0.49999099991899854,511.985,1.4166068614827476
511.97,0.8167618992093105,828.611,1.717462954476748,240.999,0.03160696125855822
1145.061,4.366151509052337,1073.463,2.9367722077137683,369.495,0.4999749993749687
780.515,2.2587109155445284,819.512,1.1224330715013704,77.51,0.49989998999799956
326.034,0.8166051677524457,715.984,1.9838709635457645,259.029,0.8235040983504575
423.443,1.7113594011779059,348.507,0.49995099759876477,136.995,0.8117727514520305
555.361,2.3018859658983977,1112.453,3.525307220654676,10.334,5.568163431509531
501.513,0.5038164348252249,835.479,2.2828839217095553,778.509,0.501915331505225
206.999,0.05476312628037227,580.019,0.823795484328483,1123.027,2.0386934541514568
473.458,1.1217111927764651,1102.428,2.3006120924658293,815.995,0.8031033557394716
716.543,1.7193460966309255,1151.408,4.102381747229285,706.036,0.8152938120702256
688.547,1.6952259436429113,368.0,0.0,124.0,0.0
518.054,1.4244591956247816,1084.056,3.1807018093496287,1272.522,1.7051439821903605
698.945,1.4380455486527537,611.991,0.8239654118954265,992.007,2.0077228394377546
357.514,0.4998039615689336,346.0,0.0,546.584,1.7248025974006416
388.497,0.49999099991899854,770.46,2.2707707942458657,1396.986,0.8061042116252712
445.504,0.49998399974399177,736.062,1.9728547843163722,488.001,0.031606961258558205
249.52,0.49959983987187184,577.508,0.5059011761203961,1254.572,2.299742594291805
325.978,0.8315744103806948,894.514,2.2631402961372062,210.507,0.5019472083795268
457.501,1.1401749865700441,208.0,0.0,1224.031,1.9960057615147306
645.495,0.5039593237553999,868.591,2.3021118565352117,1159.56,2.3410254163507065
879.563,2.8418358502911456,800.507,1.1072267157181497,10.762,5.930544325776514
611.493,1.6667186325231982,1167.286,4.845431250157204,919.412,1.118148469569225
337.531,0.4990380746997166,241.001,0.03160696125855822,897.467,1.7363499071327761
423.47,1.70384858482202,502.519,0.5016363224488434,482.0,0.044721359549995794
841.082,3.137080808649978,1166.954,4.916084214087467,69.0,0.044721359549995794
204.973,0.8356261125647045,882.155,3.1373515901154594,1238.532,1.7334866598852152
1379.042,4.892671662803462,1398.145,3.7862877597985083,28.992,0.801209086318921
1067.728,3.449060161841194,847.5,1.118033988749895,10.327,5.818081384786569
688.46,1.7042300314218146,1029.972,2.017229783638939,47.001,0.03160696125855822
738.05,1.376771585993842,835.406,2.2358810344023228,101.0,0.0
1110.774,5.408227436045936,410.004,0.8378448543734097,1249.039,0.824305161939436
660.012,2.558096167074256,602.47,1.11314868728306,85.486,0.49980396156893353
611.434,1.709281720489633,1065.059,2.0033768991380527,500.486,0.4998039615689336
481.51,0.4998999899979995,716.027,1.9657749108176141,603.0,0.0
1144.875,4.362037941146317,1121.528,1.7091565171159722,144.498,0.5019920318092709
507.535,1.7154518355232247,466.921,1.403837241278347,143.002,0.044676615807377355
484.017,0.809142138316872,790.005,1.4202024503569906,1079.056,2.0146622545727113
347.001,0.05476312628037226,273.509,0.4999189934379369,1333.475,1.726665862290675
638.494,0.4999639987039067,1112.598,3.4635813834815545,168.0,0.0
369.5,0.5,315.493,0.49995099759876477,1169.152,2.5997876836388008
345.48,0.4995998398718718,749.475,1.687416664608952,717.485,0.49977494935220584
260.482,0.49967589495592046,919.456,2.8467637766418203,1231.52,2.3211204191079786
588.042,0.8088485643184391,716.028,2.0266267539929497,914.039,1.9394532734768322
840.89,3.0938487357981805,902.547,2.3051661545320328,655.512,0.5018525679918356
698.983,1.3995395671434232,942.033,2.5624033640315105,522.502,1.1180321998940819
780.497,2.279032908933085,512.004,0.8049745337586774,87.0,0.0
517.991,1.39532039331474,808.521,1.7238210463966377,897.601,1.7134173455407762
856.961,2.5964358262818665,727.991,2.656862623471526,163.499,0.49999899999900005
1359.85,6.073508047249135,1129.495,2.9099785222575094,32.014,0.8135133680524248
773.482,1.6654356787339462,1084.069,3.0809477437957304,102.0,0.0
807.506,1.7181280511067853,1209.474,2.8707706282460115,1238.51,1.7105262348178119
1133.561,2.3039702689053954,1024.988,0.8172245713388702,190.48,0.5015974481593781
226.001,0.03160696125855822,902.404,2.2783292123834955,1349.055,1.4113734445567552
1025.968,3.173164981528695,1129.565,2.8961655684715266,125.0,0.0
566.931,1.9915418649880299,1058.015,1.9851385342086327,114.506,0.49996399870390673
1191.903,4.797665161305028,919.742,2.859621653296114,338.0,0.0
832.135,2.001693033409469,727.997,2.5524480406072914,106.0,0.0
449.99,1.412763249805147,583.446,1.1158333208862334,1009.99,2.529802363822123
1205.603,2.795244354255993,1229.013,1.958783040563707,274.001,0.03160696125855821
604.015,0.8238780249527233,645.918,2.0555476156002808,187.03,0.8130805618141413
238.999,0.03160696125855822,1151.321,4.045486250131126,1033.439,1.6965491445873297
566.946,2.003268329505561,660.528,0.5051890735160451,877.47,1.1300884921102416
1144.973,4.3083954089660805,1266.748,4.7827289281329755,44.0,0.0
667.582,1.7260579364552049,541.011,0.8190720359040468,120.5,1.128716084761797
768.495,1.1144393209143333,1121.539,1.7065986640097899,279.0,0.0
914.976,2.6304798041422024,1337.937,3.8399259107435912,1210.488,0.5117186727099179
512.05,0.8096295449154509,496.999,0.8105547483051345,1263.982,3.244021578226631
841.091,3.203547876963914,902.441,2.2983731202744253,1066.539,1.687151149126835
945.445,3.4489092478637358,757.544,1.7088194755444475,589.044,0.8075047987473511
1341.207,4.9400557689159745,1073.571,2.9087727652740423,1114.068,0.82059490615041
1293.023,6.008366749791493,1388.48,1.7104385402580238,79.0,0.0
430.002,1.4359651806363551,949.984,2.0019350638819433,1018.491,2.3242028741054424
611.607,1.7200438947887347,919.596,2.8612556684085395,708.981,0.8078607553285404
816.107,2.6095116401349894,244.493,0.49995099759876477,1137.606,1.690787981977634
710.999,1.4279352226204103,646.074,1.9714268944092248,849.542,1.7482093696122325
369.498,0.5039801583395919,348.492,0.5019322663467651,1294.47,1.7231076576929258
1292.942,6.11429767021528,1245.562,2.2965530692757783,37.487,0.4998309714293424
319.001,0.031606961258558205,256.0,0.0,1066.369,1.6996584951101206
517.976,1.426682865951645,835.504,2.3203413541976965,711.514,0.5018007572732429
795.536,2.2958013851376604,994.381,1.7110929255887888,187.006,0.8209531046290037
891.499,1.1331367966843193,1002.575,2.8242476874381963,128.0,0.0
1160.65,4.650752627263677,1388.502,1.7572694727901008,668.584,1.1184560787085027
1067.508,3.3639167647253108,1220.043,3.2135884926356084,32.007,0.8203359068089121
532.497,1.7227858253421982,842.455,1.7029312963240764,291.491,1.121569881906607
582.977,1.4164995587715512,521.512,1.1233236399186124,1306.073,3.145738546033348
960.143,2.6253668315113607,565.419,1.125805933542722,1376.545,1.1224860800918646
1012.468,2.2465475735002807,1398.013,3.642091569414476,10.643,5.773521542351774
1176.043,4.308033309991927,678.979,1.4256784349915657,96.0,0.0
727.464,1.7148480982291117,466.914,1.4115962595586602,529.496,0.5039682529683789
1293.197,5.852024521479725,1407.532,1.7067442690690364,1088.988,1.4006627002958278
601.998,0.07743384273042375,1166.967,4.928479582995145,601.502,0.49999599998399985
934.903,2.5553064395488847,979.018,1.4538486853864814,225.0,0.0
915.038,2.6100873548599863,1094.004,2.6126584162496256,111.514,0.49980396156893353
896.982,1.9858690792698293,330.493,0.5019472083795268,148.0,0.0
383.525,1.1177544453054078,1139.56,2.9254743205162477,515.507,0.4999509975987647
870.461,2.292701245256346,1139.513,2.868768202556631,512.185,1.3959853151090094
200.0,0.0,353.012,0.8123152097554249,1018.502,2.3413662678017726
1237.8,4.8292856614617445,1360.966,3.1052929008388244,64.0,0.0
1144.878,4.332333782154833,1360.909,3.203547876963914,316.0,0.0
659.974,2.539945668710258,533.05,0.8194510357550353,734.511,0.4998789853554557
380.036,0.8177432359854773,1084.102,3.2285594310775823,288.527,0.5012693886524491
1160.498,4.650805951660422,1166.894,4.9496226118765865,85.513,0.5018276596601666
648.575,1.1288821904875637,472.497,0.5019870516258362,882.486,1.7383336848833137
857.14,2.6556355171596873,1293.475,4.5787962391877635,780.971,0.8319609365829623
960.065,2.5827843502700722,835.531,2.3368866040097025,1189.421,1.110747045910994
1205.521,2.890252411122599,1237.074,2.5966370558859397,82.519,0.49963886958482323
693.922,1.4120609052020383,525.94,1.4086873322352267,849.451,1.6761858488843056
228.043,0.820457799036611,770.63,2.2788374228979125,746.953,0.791701332574349
407.591,1.13741768932965,967.123,2.525444713312885,1117.543,1.1172067847985885
1268.897,3.164868243703046,1293.717,4.694987859409222,1018.509,2.2644908920108286
1078.667,2.7795882788643356,1253.849,2.5136027928055773,204.002,0.8185328337947111
1419.999,0.03160696125855821,1388.553,1.6796401400300007,66.0,0.0
1087.98,2.561562023453658,784.478,1.6653876425625356,271.0,0.0
984.426,1.7153786753950278,1293.673,4.591303845314531,116.493,0.5019472083795268
263.001,0.03160696125855821,861.529,1.7038658984791029,907.575,1.7112495434623205
727.481,1.7168689524829783,986.522,2.8283415635315334,1198.305,4.009735028652143
1293.085,5.97944604457637,1293.747,4.45477171132259,671.996,0.8342565552634275
1307.916,2.5777788888886493,1151.442,4.059634958958748,1263.776,3.196533121993263
927.093,1.996584834160572,1308.474,4.161168585866235,185.0,0.0
699.02,1.4267445461609445,986.405,2.8553414857070947,181.515,0.49977494935220584
453.513,0.4998309714293423,1151.798,4.001149334878668,359.498,0.4999959999839999
727.51,1.7046700560519037,743.014,0.8135133680524248,1051.475,1.115963709087352
623.0,0.0,784.502,1.6929252789181213,950.998,0.06321392251711642
831.933,1.9693935614802847,1381.009,2.5843604624742267,638.552,1.1078339225714293
935.021,2.520428336612648,842.525,1.7359075436209155,882.436,1.691125069295586
1048.602,2.299042409352207,1015.446,4.590107188290922,517.506,0.4999639987039067
1048.557,2.2770048309127495,1073.404,2.847592667500041,919.484,1.1188136574068088
1308.036,2.5951308252186442,919.376,2.8737821768533536,75.0,0.0
555.499,2.23562049552244,602.481,1.1312112976804998,1327.527,1.729529126670031
599.035,1.409175290728588,314.0,0.0,1176.508,1.757252400766606
841.0,3.1786789708934116,794.993,1.423710293563968,537.495,1.1515098783770812
827.01,0.8221313763626832,1057.94,1.996597105076535,686.481,0.5016363224488434
264.0,0.044721359549995794,365.958,0.818679424439139,771.014,2.051780690034878
977.487,2.268883205455935,1267.029,4.880999795123945,785.572,1.7259246797007104
864.03,1.41742724681022,735.955,2.0122065003373786,1051.486,1.1348145222898762
1144.996,4.4106670697299295,1323.474,4.689277556297985,155.0,0.0
969.063,2.563012095172397,1308.663,4.019133115486472,174.486,0.4998039615689336
870.435,2.2701927230964336,1139.557,2.975357289469619,149.0,0.0
303.0,0.0,742.989,0.8299873493011807,771.101,1.9755503030801318
863.999,1.4138596111354198,1179.933,2.615819374498171,208.51,0.5018964036531842
507.501,1.6881940054389482,645.97,1.9445050784196993,1108.43,1.677229859023503
555.574,2.2442201318052555,106.488,0.49985597925802594,480.502,0.4999959999839999
438.986,0.8171927557192367,189.0,0.0,882.5,1.744133022449836
914.985,2.5688080893675185,928.986,2.5608209621135174,706.002,0.8124013786300465
716.504,1.7046946940728127,579.998,0.8342637472646166,505.0,0.0
1191.548,4.936364654277477,1323.381,4.497759331044737,826.522,1.696324261454749
886.998,1.4422191234344384,1166.794,4.798912793539803,202.002,0.04467661580737735
518.002,1.3964225721464116,868.387,2.2810591838003678,599.505,0.4999749993749687
780.472,2.2665427417103783,881.896,3.2073640267359735,179.523,0.4994707198625361
267.48,0.4995998398718718,591.466,0.5008432888638921,1072.503,1.7303152891886495
423.667,1.7291937427599022,506.073,1.4190387591605804,466.0,0.8185352771872451
1237.883,4.923952782064426,1293.674,4.516162530290512,122.999,0.03160696125855822
1293.09,6.09638417424624,1151.574,4.041846607678228,165.488,0.49985597925802594
840.97,3.1532681459083056,259.0,0.0,328.0,0.0
787.931,2.010034576817026,546.509,0.501915331505225,255.474,0.4993235424051222
856.998,2.5651502879948382,705.028,1.4391719841631159,798.0,0.0
659.983,2.5993674230473847,294.0,0.0,282.0,0.0
314.976,0.8095826085088538,229.0,0.0,882.496,1.692921734753264
807.544,1.6994304928416462,443.5,0.5,223.999,0.03160696125855822
831.966,2.053982473148201,114.506,0.49996399870390673,381.0,0.0
433.952,0.8122167198476034,966.962,2.662058601909432,679.012,0.818447310460484
540.999,0.031606961258558205,1308.594,4.046870889959303,810.444,1.1157347354994378
927.02,2.016829194552677,1209.245,2.8353086251764554,170.999,0.03160696125855822
481.49,0.4998999899979995,1139.39,2.8670367978105893,1033.539,1.7118641885383312
423.517,1.6833630030388573,919.541,2.8267152315010438,351.444,1.1387993677553567
429.981,1.4158527465806605,715.954,1.990448190734941,1405.978,1.4019686159112121
555.614,2.300218250514503,549.979,1.4228699870332497,1123.011,1.9866753635156402
626.99,1.969238431475478,593.985,0.8226633576378616,1108.604,1.7091471557475675
945.715,3.4709904926403934,928.994,2.603836400390777,131.0,0.0
870.655,2.315593876309056,1015.391,4.564440710536178,220.957,0.8106485058272789
1322.676,5.759255507441913,1280.647,2.8552392194000142,169.0,0.0
807.527,1.687978376638753,874.505,1.1189168869938466,638.528,1.1105025889208904
826.986,0.8305443997764358,695.509,1.0862407652081558,959.962,2.5543210448179767
773.427,1.7066549153241262,957.031,1.9763701576374806,466.006,0.817290645976081
720.503,0.5079281445244003,388.494,0.4999639987039067,1108.497,1.7424095385413845
1391.913,2.6259152690062186,1308.55,4.068353475301771,519.0,0.0
815.96,2.569513572643663,484.493,0.49995099759876477,762.048,1.3753893994065824
307.001,0.03160696125855821,343.498,1.1278280010710853,1340.017,2.0180958847388792
934.886,2.6459410424270606,695.482,1.1187832676617935,700.026,0.8229969623273222
1175.822,4.358935191075912,1407.492,1.6899514785933947,266.0,0.0
945.506,3.44644222351108,1219.75,3.1320121327989776,785.48,1.7197674261364526
631.497,0.5019870516258362,1236.994,2.5849495159480385,291.498,1.1090518473002062
840.956,3.249009695276393,882.059,3.1628340139817643,583.024,0.8083464603745104
1379.002,4.939432760955452,1360.986,3.169196112581233,152.51,0.4998999899979995
1402.697,3.381595925003459,1151.151,4.059088444466319,1305.982,3.2291912300141044
977.375,2.270324866621515,1015.199,4.553174606799085,161.0,0.0
399.0,0.0,828.471,1.6855737895446763,849.495,1.717549125934976
915.067,2.574977863982524,727.936,2.576024844600688,277.0,0.0
945.625,3.471941099730812,1267.081,4.892488017358857,236.0,0.0
1026.04,3.2323984902855027,716.031,2.0401075952017824,208.491,0.49991899343793694
1293.081,6.157307772070518,808.528,1.7027084307067963,770.963,1.9681542114377115
758.873,1.988182838674552,413.999,0.03160696125855821,936.008,0.8160490181355529
999.544,2.2623138597462558,432.994,0.8221702986608066,235.0,0.0
532.511,1.6899346141197298,664.519,1.1097923229145172,471.468,1.1211494102036534
681.014,2.5930298879881812,590.001,0.054763126280372255,688.985,0.8177866469929673
1037.923,3.766041821329126,928.982,2.619480101088764,226.0,0.0
1110.763,5.479856841195762,1112.569,3.4396568142766806,238.498,1.1384182008383388
1097.049,2.588937813080878,1293.445,4.553128045640711,747.036,0.8152938120702256
286.5,0.5,217.0,0.0,1272.541,1.7170669759796793
611.434,1.7086965792673665,158.0,0.0,396.0,0.0
1133.459,2.3217060537458223,688.466,0.5008432888638921,179.477,0.4994707198625361
1067.433,3.4478269968198814,1280.542,2.8242230790077474,129.492,0.4999359959034756
727.491,1.723345293317622,199.506,0.5059288487524705,1117.464,1.1156630315646385
945.533,3.5175148898050175,1047.352,4.002011494236367,362.487,1.114374712563059
483.975,0.8114031057372163,749.492,1.698804285372509,555.501,0.4999989999990001
498.987,0.8299584326940718,1129.576,2.853107779247044,975.466,1.1361531586894436
716.507,1.721612906550134,704.931,1.4220544996588564,1159.269,2.2646498625615394
903.008,1.417722116636402,1047.54,4.004547415126957,753.495,1.7251014462923624
722.972,0.8253581040978517,986.551,2.779100394012422,688.99,0.813572369245662
807.484,1.7093109722926372,622.486,1.1143625980801761,907.505,1.6958699832239499
879.564,2.8509479125371615,794.991,1.4201827347211347,1272.497,1.7152233090766926
611.601,1.7140008751456344,521.434,1.1151878765481626,737.025,0.8224202088956715
398.0,0.0,199.494,0.5019601577814718,1283.886,2.5731311664973475
1078.616,2.8852285871313557,1166.802,5.024618990530526,1238.477,1.7174023989735194
1238.203,4.988966927130305,1380.997,2.6185856869692086,903.017,0.8298861367681716
567.116,1.9653355947522042,1058.003,1.9542238868665995,953.593,1.1114634496914417
1250.524,2.270115415568116,1338.231,3.7538831894452973,1025.563,1.7210551995796068
1067.307,3.5674572176832062,1030.065,2.028490818317894,351.538,1.1074998871331772
1111.01,5.576549112130189,1280.536,2.900466169428632,195.483,0.49971091643069004
667.474,1.6915448560413644,608.0,0.0,317.506,0.4999639987039067
749.075,1.4210471491122312,1245.525,2.3552866067636016,426.992,0.8135944935900195
1250.39,2.228878641828666,1254.06,2.6089078174592526,269.496,0.49998399974399177
604.005,0.8031033557394716,103.0,0.0,1025.514,1.709913448101979
1220.823,4.894453084870668,1151.432,4.014146982859496,1313.947,1.4199264065436632
1413.999,0.03160696125855821,1167.127,4.923298792476443,1183.554,2.2634230713677903
626.973,1.9875288677148817,691.626,1.1252217559219162,585.495,0.5039593237553999
1175.993,4.412590055738239,1388.504,1.72568363265113,204.02,0.8084553172563097
667.474,1.7214308002356644,1002.376,2.883508973455779,546.507,1.6976309964182439
660.135,2.61319249195309,966.938,2.558936497844368,832.491,0.4999189934379369
945.685,3.4295444303872205,577.494,0.5019601577814717,351.54,1.1038115781237303
864.009,1.4279072098704455,910.436,2.3254900558806955,1084.488,1.143615319939358
638.506,0.4999639987039067,684.512,1.7343171566930888,608.517,1.1418016465218468
1025.653,3.2809436142670907,448.96,0.8175573374387878,1327.515,1.7787003682464337
1191.995,4.855818674538826,646.061,1.9948130238195259,588.97,0.8179853299418027
626.983,2.034873706154758,854.038,2.605101917392101,468.519,0.5056075553232963
773.538,1.7136382348675578,611.99,0.8123422923866513,753.472,1.6748779059979269
495.993,0.8166706802622463,653.027,0.8235720976332309,826.474,1.72954444869162
626.911,1.9992696166350352,784.588,1.7442064098036105,434.479,0.501556577067832
879.565,2.874330356796171,609.518,0.50167320040042,1056.465,1.7322745163512623
1087.989,2.628474652721612,1293.599,4.808346805295974,176.964,0.7929085697607259
659.981,2.634888802207789,1129.515,2.7809665585907357,1277.511,1.1558023187379407
1359.851,6.071968297018687,1166.937,4.929201862370824,296.514,0.4998039615689336
667.516,1.7198092917530132,798.0,0.07745966692414834,1159.556,2.2686700950116125
915.065,2.484104466402329,910.353,2.2676840608867894,1393.486,1.1089652834962869
945.367,3.4103241781390814,770.438,2.293938970417478,337.0,0.0
659.995,2.6147609833405423,597.503,0.4999909999189986,577.004,0.8282415106718573
921.453,1.133927246343433,1083.748,3.1074903056968655,382.519,0.49963886958482323
780.484,2.3404580748221058,1029.998,1.966722146110121,379.515,0.49977494935220584
764.536,1.1439860139005198,749.461,1.7030792700282624,367.0,0.0
1402.413,3.3773408178624793,1323.372,4.679488860976164,520.0,0.0
1360.338,6.238890606510103,1293.246,4.687374958332223,422.0,0.0
1340.735,4.997076645399788,1166.969,4.8185100394209,195.519,0.5016363224488434
578.486,1.1241903753368465,396.975,0.8101697353024242,944.424,1.7053515766550897
1038.061,3.7386199325419534,727.996,2.5538175345940437,273.0,0.0
423.471,1.7073836710007508,163.503,0.49999099991899854,1029.502,0.5019920318092709
583.02,1.42884568795934,194.492,0.4999359959034756,913.932,2.0167736610735476
841.051,3.1762240160290958,393.972,0.8106885961946179,483.513,0.5018276596601666
1006.052,1.4308375169808765,1229.018,1.9944111913043407,726.0,0.0
914.933,2.6165838415766465,1371.263,2.805321906662407,592.491,0.501915331505225
864.011,1.4152310765383866,1037.047,1.9730157120509708,295.0,0.0
879.459,2.869201805380723,770.326,2.250716330415719,303.0,0.0
999.452,2.310778223889086,861.465,1.669363651215636,913.969,2.033233631435404
1160.644,4.647931152674273,966.936,2.5647424821997236,540.512,0.49985597925802594
1110.958,5.462987827187609,1015.662,4.5004173139832275,1078.966,2.008194213715397
1124.929,2.5725394068896206,847.445,1.1370905856614943,298.946,0.8167521043743934
816.048,2.5825754587233263,1417.417,1.0977754779553057,1095.012,2.0292501077984446
590.474,0.4993235424051224,1073.388,2.822668241221416,1128.462,1.1209620867808152
335.497,0.5019870516258362,382.52,0.4995998398718718,1198.579,4.114578836284462
659.906,2.5754929625219325,421.508,1.1401473588970856,616.016,0.7859669204234997
1220.99,4.937803155250318,1112.435,3.4545296351312436,294.0,0.0
915.098,2.57223560351691,942.011,2.5909224226132284,1183.454,2.2842688108013904
495.975,0.824848470932692,132.51,0.4998999899979995,1306.214,3.192523140088416
1293.031,6.151425769689496,1267.107,5.027081757839233,213.51,0.5018964036531841
1012.525,2.310708765725357,436.001,0.8117875337796213,309.0,0.0
299.521,0.4995588053472785,1112.602,3.4884948043533046,985.03,2.008755833843427
566.992,1.9844233419308492,394.004,0.8270332520521773,460.478,0.49951576551696547
991.532,2.270897619885141,1323.69,4.593680441650246,736.975,0.8260599251870291
523.516,1.1383075155686184,1228.907,2.0180066897807847,1244.484,1.6684555732772748
339.983,0.8189694744006031,1129.6,2.872629457483161,1254.475,2.2242695430185613
1402.745,3.38732564126923,1420.973,0.8088701997230457,176.993,0.8215540152661905
620.51,1.1462547709824373,894.57,2.3394657509782015,405.999,0.03160696125855821
1125.004,2.5980731321500556,803.999,0.8130184499751527,324.494,0.4999639987039067
573.992,1.4345508007735386,553.0,0.044721359549995794,1284.0,2.5868900247208035
680.829,2.603412952260935,1209.412,2.860813870212461,723.44,1.0901376059929315
652.884,1.4151127163586654,1236.981,2.5781076393354874,1061.499,1.1296012570814535
1402.521,3.5110623748375644,919.524,2.85717062843646,1412.974,0.7958165617779013
815.905,2.5721537667876704,656.95,1.4503447865938635,456.999,0.031606961258558205
411.503,1.0881135051087272,488.98,0.8207313811473276,1009.993,2.5559638103854287
935.123,2.5234640873212366,667.488,0.5018525679918356,1244.447,1.732971725101134
1111.287,5.516759102951659,1323.645,4.661434864931613,522.482,1.1496416833083254
748.934,1.4048644062684486,1083.947,3.0900147248840097,728.488,0.5018525679918356
1192.014,4.925221213306059,1397.93,3.7750629133830342,404.468,0.5009750492789037
1391.915,2.5557337498260653,1338.077,3.7286822068929397,953.468,1.1256002842927857
758.937,2.0442678395944105,550.06,1.4157683426323673,826.459,1.67699701848274
1088.1,2.5234896472940003,679.099,1.4273048027663888,1183.476,2.3271063576897384
566.999,2.050609421611049,467.14,1.4115239990875112,741.508,0.5019322663467651
484.008,0.8282125331097085,518.039,0.8169938800260378,1264.049,3.14493227272067
680.978,2.546274926240291,1194.603,5.728646524267316,1272.495,1.7169668022416742
1160.58,4.645600068882382,1266.877,4.825129117443387,372.532,0.498974949271003
1221.256,4.851851605315233,835.409,2.302980460186321,1152.942,1.4066399681510544
1378.695,5.0445985965188544,1371.65,2.857183928276232,1153.018,1.3862452885402352
1422.0,0.0,1194.612,5.88535946225887,775.954,0.7949113158082479
870.54,2.309632005320328,638.478,1.0786639884597982,511.848,1.3772784758355878
688.56,1.7596590578859301,380.475,0.49937460888595453,648.501,0.4999989999990001
743.565,1.7215617909328726,929.022,2.5852496978048367,1041.493,1.120692196814094
1145.329,4.285879023024331,994.519,1.7359835828716812,1183.448,2.2674426122837157
1402.341,3.4665139549697472,1397.983,3.8445690265620156,530.999,0.03160696125855821
815.996,2.6076778942192993,386.467,0.4989098114890106,1313.966,1.4194520069378889
1192.141,4.948244031977405,1102.527,2.2546110529313035,1244.486,1.7233119276555824
831.936,1.972790916442997,615.487,1.0990136486868578,414.478,0.5035037239187016
627.022,1.9863322984838159,470.528,0.503205723337881,1254.43,2.286285196557945
1026.141,3.091135551864396,753.486,0.5018007572732429,594.489,0.5018754825651477
891.441,1.128945968591943,861.445,1.737519784060026,1056.418,1.7225783001071389
1391.982,2.5693726860850687,1397.924,3.724811941561614,697.506,0.4999639987039067
1293.328,6.091996060405817,1121.47,1.704435390385919,767.0,0.0
849.541,1.7275181619884639,861.468,1.7598227183440949,675.507,1.1054189251139135
1268.992,3.059401248610584,780.016,0.8256779033012812,332.533,0.4989098114890106
1205.44,2.909707889118769,650.5,0.5039841267341661,753.497,1.743556996487353
1293.044,6.018643036432714,1151.482,4.151346287651754,1009.928,2.5590654544188585
1038.143,3.721632840568774,823.408,1.0888232179743411,348.514,0.4998039615689336
991.516,2.303420065902005,1219.914,3.1985315380655543,390.999,0.03160696125855821
507.509,1.7157852429718587,386.533,0.4989098114890106,802.987,0.8190427339278459
758.97,1.9902512404216712,701.042,0.8271855898164572,868.003,1.4152706454950583
528.505,0.4999749993749687,512.005,0.8093052576129727,1033.459,1.7499482849501584
606.98,0.8292164976651151,1030.018,2.0277268060564766,959.882,2.574116547477989
716.537,1.6871961948747989,814.497,1.7657833955499749,785.413,1.7170995894239798
780.486,2.297347165754449,1002.455,2.851661796216375,1018.545,2.2794681397203167
1097.111,2.489714642283328,1093.869,2.59342225640176,395.0,0.0
1078.485,2.8978914748485662,1179.892,2.645814808334098,1198.459,3.959838254272515
1378.979,4.9469747320963755,1209.447,2.87944282804851,984.987,1.99118833865609
737.969,1.4512198317277778,684.554,1.712040887362215,1132.56,1.1385956261992227
870.563,2.351601794522193,482.504,0.5039682529683789,616.023,0.8369414555391553
870.501,2.2947764597014673,664.547,1.1116613693027209,326.0,0.0
716.44,1.7539669324134932,638.431,1.145093445968494,992.054,1.9857200205467036
759.167,1.9882431943804058,698.485,0.5017718605103318,1037.474,0.5033130238728182
984.531,1.7277265408622973,902.57,2.2971939404412502,368.0,0.0
1133.514,2.2239163653339125,1361.028,3.1415308370283426,1084.569,1.1023787915231316
1359.849,5.907469762935735,1245.456,2.2521243304933236,826.566,1.7151221530841467
1402.547,3.526441690996747,1179.958,2.5456307666273994,758.035,0.8256966755413274
914.831,2.5780688509037146,1220.057,3.209945638168971,340.505,0.5059397197295346
999.504,2.2591998583569364,622.487,1.1044595963637602,613.494,0.4999639987039067
879.431,2.8711041430084,1073.528,2.9167132186761178,608.53,1.092291169972549
1359.814,5.980919996120998,1417.548,1.1374075786629874,478.002,0.8390446948762623
1360.24,5.992528681616801,1407.453,1.7180777048783327,291.497,1.1081475533519893
1175.804,4.370078260168803,641.52,0.4995998398718718,485.997,0.8203602867033485
959.875,2.559174671647092,868.436,2.2741820507602286,490.979,0.7978464764602272
787.988,2.016892659513639,710.006,1.413493544378608,923.547,1.1268500343878949
1176.092,4.427588056718917,1381.148,2.5608779744454835,374.0,0.0
1378.868,4.798601462926464,1323.339,4.684450768233135,1198.507,4.065458276750605
555.447,2.318014452068839,540.958,0.8150067484383182,985.01,1.9979739738044642
681.003,2.5610527132411782,587.442,1.106632730403362,497.536,1.122810758765697
953.498,1.1126526861514334,868.506,2.2711151445930695,506.994,0.8233856933418262
473.539,1.108367718764851,646.043,2.0206808258604325,734.49,0.5018964036531842
999.561,2.2289636605382332,641.479,0.5015565770678319,897.515,1.682787865418574
1144.828,4.332483814164803,1350.097,3.132665159253379,546.572,1.6890281229156605
1269.043,3.168146303439915,1129.475,2.875652099959242,1231.498,2.306078055920918
959.97,2.5481561961543884,735.999,2.0027478623131767,761.985,1.4123650378000725
960.008,2.628295264995925,715.994,1.9651880317160495,708.995,0.8239993932036601
1250.501,2.2565458116333468,705.01,1.3985349477220796,1387.039,1.4260010518930204
1359.882,6.162473204809899,652.968,0.8018578427626684,1231.615,2.2770101009876966
1160.527,4.514340594151044,910.666,2.3208713880781935,314.499,0.4999989999990001
1056.951,2.605494003063526,757.496,1.7093811745775138,705.958,0.8235508484604943
703.485,1.1348017447995047,853.985,2.527206956305716,821.943,0.8159356592281036
968.964,2.614326681958473,417.497,0.49999099991899854,1410.026,0.8070464670637003
1402.466,3.49840592270251,1167.124,4.970978173357834,332.467,0.4989098114890106
1402.598,3.481148661002572,1253.942,2.5722822551189832,444.0,0.0
977.639,2.341085004864198,479.53,1.128317331250389,1025.396,1.6784469011559464
807.431,1.7190808590639362,919.489,2.9013581302555536,415.999,0.03160696125855821
897.078,1.9839143126657461,1065.029,1.9194163175298893,369.505,0.4999749993749687
1144.979,4.353453686442524,979.013,1.4102591960345443,465.996,0.8173028814338049
1145.084,4.296154559603274,1121.414,1.6942856901951333,342.502,0.5019920318092709
1087.959,2.5952493136498465,1102.447,2.2845548800586957,362.468,1.1220409974684524
991.452,2.2498213262390414,1407.508,1.6917257460947979,532.503,0.4999909999189986
1238.308,4.8843767258474236,1237.091,2.5912774841764823,322.514,0.4998039615689336
681.074,2.5862180882516457,583.538,1.1254137017115085,907.386,1.6979411061635796
879.58,2.882290755631708,260.001,0.03160696125855821,645.535,1.1057915716806672
710.967,1.4205319426186798,206.0,0.0,944.53,1.7020869543005142
1341.129,4.79753676379869,1338.113,3.834609628110794,230.0,0.0
1258.874,2.5741258710482673,823.495,1.1532454205415257,302.0,0.0
383.451,1.1232092414149735,674.471,1.1221225423277086,1231.55,2.3128986142933288
363.001,0.031606961258558205,502.483,0.5017080824543293,1238.482,1.7308021261831172
588.004,0.816078427603622,357.519,0.5016363224488434,1010.067,2.5448990156782254
660.051,2.6150332693868346,443.5,0.5,619.486,1.1143625980801761
478.99,0.8233468284993876,526.044,1.3971628394714768,1095.019,2.0165909352171547
567.123,1.9666903670888307,391.486,0.4998039615689336,997.501,1.1135524235526588
652.991,1.3981841795700594,178.0,0.0,1283.957,2.522132232853781
371.0,0.0,619.005,0.8166853739353975,1018.49,2.2697797249953577
419.494,0.5019601577814717,749.487,1.7040630856866772,594.512,0.5038412448380939
1220.97,4.868788350298255,1337.99,3.760305838625364,256.998,0.04467661580737735
415.013,0.8263358881229835,287.999,0.03160696125855821,1159.571,2.3462649040549537
532.572,1.7154637856859583,315.507,0.49995099759876477,1018.431,2.2898120010166774
1269.034,3.1261548266200765,352.987,0.8263358881229835,330.505,0.4999749993749687
688.41,1.709356604105767,359.477,0.4994707198625361,731.489,1.1224433170543626
339.998,0.8111695260548192,828.477,1.6957213804160163,960.048,2.5987874095431502
607.027,0.8138003440648081,986.448,2.7966580055487658,723.477,1.1425720983815417
1067.588,3.4678892715886995,1254.003,2.5610527132411782,1387.014,1.4127292734278565
857.017,2.570741332767651,1323.563,4.706381943701552,1314.084,1.4166665098039128
1078.489,2.914426015530331,1266.975,4.839460197170755,972.482,0.5036625854676918
549.067,1.408016690241987,390.001,0.03160696125855821,991.925,1.9923290390896782
707.027,0.8332292601679324,986.434,2.8624541917732067,985.002,2.0371538969847123
627.114,2.03248714633082,1073.462,2.8517636648221747,1142.537,1.1369393123645606
732.941,1.4105031017335623,1229.083,2.0415952096338787,1089.002,1.4352686159740273
526.494,0.5019601577814717,1167.262,4.887264674641634,854.051,0.8284920035824123
795.478,2.283312505987737,794.982,1.4077201426419956,790.446,1.1050266965100888
991.564,2.353700065853761,1036.983,1.999177580906709,483.486,0.4998039615689336
706.973,0.8235720976332309,902.419,2.2652679753177107,608.445,1.119363658513175
680.931,2.618060159736594,303.598,1.1110337528626213,972.521,0.5015565770678319
849.414,1.7287579356289298,814.486,1.7151687963579563,1176.509,1.7492624159913803
627.009,1.9871887177618537,902.617,2.3135062135209403,619.418,1.1275087582808392
723.027,0.8150282203703133,784.511,1.7395053894713866,1078.948,2.0589550747891514
653.043,1.4004110110963852,1209.752,2.8848736540791524,1284.017,2.620822580794053
1278.357,2.2714645055558322,1338.11,3.7544506921785508,1147.432,1.732447979016975
849.531,1.7190226874593597,961.507,0.5059160009329613,959.977,2.549209877589525
573.991,1.3902945731031249,950.018,1.9929064202816948,1189.567,1.0933942564326922
1111.159,5.4609265697315506,1047.408,4.061962087464628,867.994,1.404266356500789
1258.922,2.5922800774607673,1015.35,4.537785803671213,939.521,1.119624490621744
1292.571,6.057471337117494,1180.092,2.586027068690504,1283.973,2.5962031892746764
896.959,1.9918129932300372,221.0,0.0,793.999,0.8142475053692213
688.577,1.7181591893651766,1094.021,2.587384586798027,515.493,0.4999509975987647
1238.137,4.7893873303377745,949.978,2.0271941199599013,1198.324,3.97454701821478
1144.9,4.389988610463585,583.465,1.1021683174542807,485.981,0.8286368323940229
1220.973,4.932572452584958,1037.047,2.061744649562598,1072.517,1.7174722705185084
807.505,1.7187131814238232,1073.462,2.864708711195608,1056.532,1.7090863056030845
1160.262,4.561508083956445,1413.149,1.4102478505567737,440.516,0.4997439344304241
1322.664,5.636763610441722,1323.329,4.648307111196505,790.492,1.1366336261082548
634.955,1.411727664955249,684.536,1.7154311411420746,1159.535,2.2704129580320846
1048.465,2.2988638498179923,854.061,2.5755152882481593,927.452,1.0971308035052156
694.043,1.4328820607433117,1102.691,2.307708603788615,417.502,0.5019920318092709
1359.741,5.99248854817429,881.956,3.173966603478997,665.998,0.04467661580737734
1145.006,4.184012906289845,1194.766,5.652543144461615,384.489,0.49987898535545583
969.015,2.594373720187591,1129.499,2.8656585630531772,453.012,0.8208873247894622
716.463,1.6848237296524524,888.959,0.8242081047890758,800.009,0.8227508735941882
921.562,1.1073192854818343,1349.936,3.1603645359356882,907.535,1.7500785696648022
1269.048,3.1416072319753785,1029.954,1.988437577597044,365.0,0.0
849.591,1.68988727434702,1180.03,2.614784885989668,1393.52,1.1417530380953667
643.467,0.500910171587681,1323.678,4.551957381171313,494.019,0.8140264123479041
743.483,1.720962230846453,902.472,2.2906802483105317,1413.006,0.8306407165555997
1057.023,2.5632929992492084,942.0,2.5424397731313126,960.048,2.593009062845712
787.979,1.9815546926592762,1236.998,2.598460313339421,1371.923,1.430758889540792
667.439,1.6930088599886302,437.999,0.05476312628037226,1381.579,1.7492166818321853
1067.446,3.4783737579506893,881.956,3.1451651784922205,401.0,0.0
968.889,2.5970519825371228,1047.561,4.01126900120149,1072.484,1.7022761233125487
743.522,1.7209055755618898,770.58,2.3081594399001126,456.001,0.031606961258558205
598.971,1.3697295353463035,173.059,0.8327778815506568,1215.999,2.575460929620172
795.406,2.27225966825977,728.07,2.548548606560212,960.017,2.6177683243556906
1417.521,1.116046145999349,1180.042,2.60772621262279,445.0,0.0
1322.783,5.7197824259319505,1308.239,4.057077642836036,329.0,0.0
1417.512,1.1215417959220246,1361.011,3.2392713686877177,599.495,0.4999749993749687
1176.028,4.362936625714383,1421.02,0.8084553172563095,296.488,0.5038412448380939
840.905,3.1285739562938257,1015.864,4.68567006947779,1168.905,2.6283026842431982
407.425,1.1217731499728456,491.5,0.5,1025.452,1.7273378360934495
507.524,1.706289541666361,579.982,0.7997974743646044,902.963,0.8072366443614907
672.492,1.1153187885084694,500.492,0.4999359959034756,826.49,1.7498285630312476
1292.843,6.105272393595555,894.57,2.353104332578562,694.5,1.1216059914247962
681.097,2.5607793735501696,451.477,0.5034590350763406,506.988,0.8061364648742793
1067.437,3.465260596261124,1323.547,4.421514559514646,856.492,0.5039206286708254
1293.109,5.962643625104556,1380.78,2.5403936702802583,334.0,0.0
999.49,2.3443335940091807,1112.435,3.4922449799520083,382.481,0.49963886958482323
1192.065,4.896812738914978,1151.462,4.064056594094132,785.473,1.6659144635904928
1125.011,2.5645426492846632,514.497,0.5019870516258362,1231.466,2.250076443145877
1341.102,4.7909911291923715,919.365,2.896856054414855,813.531,0.5010379227164347
849.496,1.7076252516287056,1151.814,4.038490311985408,596.477,0.5014688425017052
969.023,2.5460697162489483,910.703,2.2835916885467946,849.606,1.7166141092278135
1322.767,5.615221366963193,1094.123,2.5922713978285534,555.498,0.5019920318092708
507.471,1.691496083353432,691.47,1.1122499719037982,975.452,1.142670556197192
1133.543,2.3126069704988783,498.999,0.031606961258558205,1102.984,1.4120000000000001
1067.423,3.475927358274335,1349.904,3.1506799266190146,1320.451,2.270594415566109
773.523,1.6826975366951722,978.991,1.416657686246046,761.958,1.4199422523469043
959.964,2.6097325533471816,248.51,0.4998999899979995,1417.999,0.03160696125855821
969.152,2.5594718205129747,762.429,1.1040647625932096,1123.0,1.9849433241279208
891.553,1.150300395548919,994.521,1.6412065683514672,681.501,0.503983134638452
532.476,1.7232016713083818,657.045,1.370757090078326,1284.026,2.5328489887871326
907.946,1.4272645164789883,1350.061,3.087924707631324,522.471,1.0996176608257981
1048.528,2.2836847418152972,762.544,1.1135816090435402,806.491,1.1286802027146574
969.002,2.5884350484414327,475.0,0.0,867.983,1.4459291130619094
555.504,2.3280859090677906,842.487,1.7093364209540496,1290.05,0.8096295449154509
592.494,0.4999639987039067,1209.533,2.8553302786192702,1029.498,0.5059604727644246
795.558,2.310981609619601,656.991,1.4152452084356266,627.998,1.4268833168833392
991.532,2.3045554885921056,808.523,1.7610993725511346,1183.419,2.3184992991157016
1110.998,5.3875779344711106,1073.531,2.82613499323723,1056.498,1.7245277614465935
1341.179,5.01427552095016,670.469,1.103194905717027,1381.486,1.6726637438528997
1018.471,1.1309991158263566,1371.375,2.7993526037282264,1089.045,1.4088914081645896
1308.0,2.6544302590198146,919.38,2.921574917745564,658.004,0.8258232256360922
1269.055,3.19342684275059,1236.925,2.5883150890106097,507.018,0.8195584176860122
780.553,2.3115343389186327,405.485,0.49977494935220584,840.504,1.1366547408954049
703.548,1.1294671309958515,516.0,0.0,1264.242,3.1355120793899043
1175.952,4.405870629058461,1371.718,2.9790058744487236,907.415,1.7019914805897236
870.499,2.2583177367235105,554.958,0.8063721225340074,1189.494,1.1584316984613294
1018.521,1.0897518066055225,736.064,1.9834071694939495,664.027,0.8113390166878455
1160.552,4.675392603835532,882.082,3.174787551947374,450.999,0.03160696125855821
1379.172,4.851846658747574,407.477,0.4994707198625361,525.496,0.49998399974399177
592.507,0.5019472083795268,719.998,0.044676615807377355,1238.591,1.6869259023442615
815.993,2.583979682582663,861.533,1.7311588604169172,914.007,1.95983443178244
1191.989,4.957507337362195,1015.442,4.761999160016725,1254.41,2.3626044950435525
1221.003,4.922904731964655,467.016,1.3977639285659076,1183.565,2.3198652978136467
1360.242,6.108963578218485,1371.588,2.924424045859287,1128.553,1.0932479133298176
935.035,2.6388965496964825,1266.923,4.87391741825813,853.983,0.8029389765106687
1360.256,6.172233307320779,1228.932,2.0301172379939048,856.508,0.5039206286708254
1415.005,0.07053367989832941,956.933,2.0299041849309045,432.505,0.4999749993749687
1341.0,4.951969305236049,1349.999,3.080421886690198,570.036,0.8262590392848965
1322.38,5.812366127490594,950.03,2.022152318694119,832.511,0.5038640689709873
1238.038,4.960701160118395,1015.544,4.572314949782003,715.49,0.5018964036531842
1057.159,2.556896360824975,894.434,2.2946991088157938,502.0,0.0
1322.435,5.635403712246356,1151.953,3.9993488219959006,553.5,0.5039841267341661
1012.594,2.3063312858303773,1015.387,4.636294964732075,1147.451,1.683923691857799
1402.499,3.4609245874476953,674.528,1.111402717290182,463.0,0.0
1292.97,5.999591652771046,1129.59,2.8238094836585557,562.501,0.4999989999990001
603.98,0.8255906976220116,823.526,1.144256964147477,1198.666,4.010292258676418
1012.551,2.2955171530615925,1083.98,3.1701104081719302,681.499,0.503983134638452
1211.488,0.5038412448380939,1047.558,3.972484864665944,903.028,0.8253581040978517
1237.995,4.855200819739592,638.557,1.1413811808506396,1207.426,1.1191621866378438
1379.137,4.9283091420892005,1065.073,2.053209925945226,579.473,0.5012693886524491
1268.972,3.250110151979468,1139.448,2.8169657434906803,411.0,0.0
1056.875,2.641472127431974,784.439,1.7059539853114445,1072.55,1.7162459031269384
927.0,2.008979840615629,511.993,0.8384217315885842,793.962,0.8065705176858375
1341.1,5.043808085167397,1057.949,1.9734231680002137,429.499,0.4999989999990001
1026.128,3.222672183142431,1002.479,2.9307949433558123,1018.526,2.2678897680442938
1096.923,2.6553852827791298,749.537,1.7287657446860751,844.545,1.1171280141505717
1078.39,2.842516490717336,1267.109,4.878639052030802,1147.498,1.7058710385020315
1292.727,6.054458770195731,1381.169,2.579619933245981,715.511,0.5038640689709875
1110.692,5.451342586922968,1245.549,2.312920015910624,853.962,0.8297927452081032
1124.924,2.6050381954973325,678.992,1.3978326080042633,427.02,0.823164625090267
727.502,1.704111498699542,255.0,0.0,1231.472,2.3441877057949094
935.019,2.6150791575017376,789.955,1.3663729359146426,1147.574,1.6704861567819111
1220.992,4.8565353905845265,1381.075,2.5735918479821156,960.005,2.589782809426304
1238.163,4.991435765388552,1337.916,3.684690489037037,394.0,0.0
832.026,1.989805015573134,645.949,2.016531427972299,1176.476,1.7220406499267082
645.509,0.51178022626905,1337.939,3.7117757205951976,1355.441,2.220026801640016
1160.431,4.695661721206075,874.513,1.1161679981078119,613.506,0.4999639987039067
1278.55,2.3536142419691464,1323.513,4.654012354947073,796.496,0.5019800792860211
1192.037,4.959398249787973,1112.688,3.37411558782446,1355.467,2.3179540547646753
1237.924,4.917135751634278,670.51,1.1304423912787418,543.0,0.0
1160.489,4.612144728865303,1112.633,3.5083202533406213,458.51,0.4998999899979995
1037.995,3.7726615273570454,1151.488,3.9298671733278723,1009.985,2.628454869310105
831.931,2.0010594693811576,847.531,1.124739525401326,1284.112,2.6637297160185005
1205.452,2.8770985384584935,1293.376,4.513161198096075,694.444,1.102208691673224
1006.064,1.4331447938013802,593.973,0.8174784400826727,991.924,2.004550822503635
934.945,2.5620255658365316,1112.452,3.4522016163602034,873.02,1.4386104406683553
1410.026,0.8119876846356724,1266.926,4.958681679640264,379.485,0.49977494935220584
1111.299,5.588881730722167,1112.548,3.518763419157361,537.492,1.0999709087062257
1278.607,2.2610950886683208,994.438,1.7458969041727521,653.529,0.5011576598237325
1220.909,4.841974700470873,1371.415,2.9272470001692716,1272.534,1.7178020840597443
832.071,2.0282896735920146,986.535,2.895302229474498,1147.578,1.7343344544810264
1211.522,0.5324622052315074,1397.972,3.83160749555588,573.517,0.5017080824543292
1037.932,3.7233554759114798,828.483,1.6957921452819624,582.977,0.8176007583166738
743.478,1.7342191326357808,594.04,0.8114185110040317,1159.534,2.2910355737089727
1417.581,1.1168880875002651,1194.878,5.73246160039472,1103.057,1.451120601466329
1292.842,6.059293358140039,1350.095,3.1272951571605776,562.499,0.4999989999990001
1322.392,5.851011536478116,445.047,0.23407477437776159,474.503,0.5019870516258362
1378.822,4.857809794547333,1407.483,1.7192181362468233,604.493,0.4999509975987647
823.004,1.435264435565795,361.52,0.4995998398718718,1198.54,4.03514559836445
856.915,2.5396407226220012,546.494,0.5039484100580138,822.017,0.8274726581585643
1379.117,4.902582074784674,1236.87,2.6078918689240167,1117.508,1.1242490827214404
743.501,1.7076296436874125,874.486,1.1365755584209967,781.034,0.8042661251103395
1269.015,3.199808588025227,700.986,0.8147416768522401,893.497,0.5098931260568239
1056.932,2.6471448770326114,790.036,1.4016789932077889,1153.052,1.4482044054621572
759.011,1.9780998458116317,559.514,0.5018007572732429,1176.556,1.7172256695029924
536.477,0.4994707198625361,662.0,0.0,1320.586,2.2580088573785533
1340.947,4.905118856867793,1361.024,3.2033457509297993,424.076,0.8235435629036268
841.11,3.129201176019209,1337.826,3.779910580952941,744.013,0.8275451649305916
503.491,0.5078572634116795,1102.444,2.2770296440758075,1367.536,1.1075667022802733
753.459,1.1190705965219532,295.0,0.0,1294.534,1.6996599659931986
688.443,1.6806995567322556,1267.122,4.916616316126366,913.926,2.0229987642111897
737.978,1.4399708330379473,742.999,0.8167000673441871,1137.403,1.7153982044994687
759.033,2.0198789567694395,1166.922,4.8975418323889786,568.0,0.0
749.021,1.4073233459301384,770.437,2.3298135118502508,1041.542,1.1100612595708401
788.04,2.0298768435548005,340.001,0.031606961258558205,872.976,1.4182468050378256
927.06,2.0190096582235557,270.472,0.4992153843783263,1294.533,1.6717987319052494
738.017,1.4109255827292948,365.983,0.816523728987713,1215.909,2.5520029388697814
926.975,1.9970916353537713,421.542,1.1217111927764651,785.562,1.7263128337587021
1006.033,1.4063822382268625,728.141,2.607512032570511,703.01,0.814800589101407
643.535,0.5007744003041689,881.846,3.1890882709639756,684.521,0.5015565770678319
1037.99,3.8073481584956217,709.999,1.4251312220283439,570.016,0.8183788853581206
1160.266,4.684788575805742,1397.993,3.7090363977723375,412.513,0.49983097142934235
788.011,1.9816354356944672,439.97,0.8118497397917918,800.003,0.8166951695706299
795.568,2.3202103352929018,330.506,0.4999639987039067,1305.799,3.112008836748379
921.489,1.1062906489706945,753.511,0.5038640689709875,1176.418,1.6153253542243433
727.559,1.7124599265384284,248.49,0.4998999899979995,1263.932,3.1983395692140006
816.134,2.5345697859794667,461.483,1.0989590529223552,623.993,0.817894247442785
1111.006,5.504358636571568,956.989,2.0072067656322807,569.949,0.8039894277911868
886.94,1.4086873322352267,1057.995,2.055474397797258,985.055,1.9636636677394628
823.003,1.398924944376931,1047.684,4.0504498515597005,753.571,1.7079107119518868
1307.886,2.5442098970014246,1293.445,4.627631683701718,453.007,0.8166706802622463
1175.903,4.339538109061839,1407.527,1.7519335033042778,522.545,1.1027125645425464
640.961,0.8218752946767531,1237.047,2.573478385376493,638.458,1.1297061564849507
1378.845,4.8896804599073755,1417.51,1.101771301132862,1142.481,1.0980159379535437
977.587,2.299223999526797,1194.486,5.900152879375246,1001.49,1.1427598172844544
732.998,1.4240772450959251,868.581,2.315909972343485,889.927,1.4239631315451955
815.909,2.601676190458759,853.958,2.593884345918299,893.505,0.5059397197295346
1220.71,4.969496956433317,1323.516,4.666020145691615,944.649,1.7163330096458553
870.359,2.272029709312798,1266.993,4.929396616219879,1224.023,1.9961139747018455
743.455,1.6558909988281232,1308.63,4.025555862238158,1419.0,0.0
693.943,1.3833838946583121,1338.134,3.719414470047671,1108.457,1.748185058853896
606.998,0.819753621522955,1180.004,2.586113686596164,1416.004,0.814852133825518
991.499,2.2680385799187808,978.969,1.4380678009050893,489.0,0.044721359549995794
611.431,1.7381711653344156,757.588,1.6817419540464584,1102.947,1.4339424674651353
681.039,2.5998998057617526,819.46,1.1288932633336066,959.97,2.564975633412528
802.028,1.4132289269612337,1094.179,2.5684545937197334,844.491,1.1357460103385792
1097.006,2.586109819787241,715.98,2.035583454442485,1409.991,0.8372090539405316
945.319,3.4608147884566143,942.198,2.629599969577122,1128.446,1.1336154550816604
492.002,0.04467661580737734,874.494,1.1206979967859316,1294.4,1.7401149387324968
1096.886,2.594803268072553,1194.372,5.658057617239329,509.0,0.0
566.892,2.033306666491801,667.51,0.5018964036531841,1094.99,2.018390447856906
1133.488,2.347734226866406,1360.971,3.205020904768017,1339.999,2.0117154371331942
1259.089,2.577029103444507,1047.522,4.059989655159234,939.531,1.115813156402092
1360.236,6.102647294412484,1254.115,2.5794912289054213,691.488,0.5018525679918356
1278.624,2.2970903334435935,795.044,1.4163558874802618,464.0,0.0
634.99,1.4191194452899305,587.502,1.1009068988792832,1254.552,2.2714083736748
1026.121,3.1436219556428857,986.492,2.9178649728868535,630.998,0.044676615807377355
1259.014,2.629411340965883,910.47,2.2682812876713507,799.99,0.813572369245662
1175.818,4.24062212416999,979.016,1.3812110627996,703.013,0.8202627627778797
1417.382,1.1189620190158378,1280.506,2.96950568276944,810.474,1.1310720578283242
857.025,2.5480139324579842,497.011,0.8190720359040466,1400.028,0.8192777306872195
780.584,2.320117238417059,575.017,0.8201896122239054,749.507,0.503935511747287
1359.634,5.9776286268051155,1371.513,2.8449659048923595,1320.399,2.2816220107633955
945.473,3.38485908126173,814.53,1.687927723571125,1333.554,1.7073617074305023
1110.979,5.3833594529810105,1421.003,0.8384455855927683,641.991,0.8190964534168121
759.014,1.9994509246290593,1293.412,4.618469010397277,1198.475,4.048873300067563
1205.618,2.8411399120775447,1209.523,2.9290734029723464,577.015,0.8128806800508916
1192.138,4.965979863028041,1371.213,2.7895574917896924,438.048,0.8232229345687596
921.502,1.1392962740218193,966.989,2.6466731947862394,683.0,0.06324555320336758
1402.552,3.4637113043670373,1361.083,3.1670350487482763,953.44,1.1217842929904127
1378.973,4.860891996331537,1084.008,3.1670074202628578,1299.003,0.825221788369648
1133.501,2.2645085559564575,1194.39,5.692618026883589,1078.951,1.9719530927484052
1067.595,3.4145241249696863,1254.012,2.5752390180330833,628.038,1.4172353368442376
902.982,1.4253687242254196,1293.444,4.661422958711213,1264.105,3.170169553825158
926.877,1.9904449251360863,942.035,2.5980329097222765,583.003,0.8300548174668948
907.984,1.4267950098034408,1047.569,4.183448218873995,770.902,2.029383157513632
991.404,2.2870907284145945,1064.947,2.046018328363654,1305.998,3.1397445755984674
1421.0,0.0,1121.562,1.7146883098685894,480.499,0.5019950198956162
1412.477,0.5014688425017051,1228.968,1.9877062157170007,1396.999,0.8336660002662936
879.478,2.88712937015299,861.545,1.6881868972362035,1289.998,0.8099357999249077
1340.746,4.82363804612245,935.506,1.1295857647828251,1056.524,1.6671604601837222
1192.003,5.004297253361354,765.497,0.5019870516258363,653.471,0.5011576598237325
886.976,1.4259817670643617,1058.043,2.061831952415133,992.059,2.0128385429537063
1392.027,2.554656728407948,1245.381,2.3060440151913837,991.996,1.9969937406011067
984.491,1.7256647994323813,1121.485,1.738325343541881,1132.402,1.1288914916855384
1087.964,2.588185464760978,1047.301,4.065513374716654,517.494,0.4999639987039067
788.029,2.01696777366422,757.471,1.7323853497417947,1088.93,1.4216539663363938
1048.435,2.3003858372020987,1293.521,4.587761872634629,596.521,0.5015565770678319
915.001,2.6078725045523217,853.903,2.601074970084484,632.951,0.8041137979166879
1012.552,2.3296557685632444,842.438,1.7367083808169983,914.052,1.9938144346954656
1038.018,3.8259215883235247,894.399,2.28949754313037,931.996,1.4099588646481853
1250.518,2.347269903526222,1337.903,3.7091226725467035,1113.912,0.8063845236610137
960.054,2.5727580531406367,571.559,1.1447790179768322,1137.554,1.7079473059787296
1269.068,3.2133123097514193,1139.485,2.887866859811927,882.609,1.7029735758372766
1205.361,2.9149063449792,1151.232,3.96360643858595,1320.531,2.291078130487915
773.543,1.7407328916292701,1015.671,4.61549119812832,970.017,0.8214079376290445
1258.995,2.5835972983419846,967.159,2.564316478128236,1223.953,2.0181157053053225
926.979,1.9996397175491385,868.581,2.30595728494697,1231.471,2.236327122761784
1340.942,4.750856343860547,1036.866,2.000510934736424,790.521,1.131175936802052
1025.847,3.170739819032776,622.476,1.1425515305665648,1183.539,2.284836755656736
1133.405,2.3196928676012263,919.544,2.9322455558837497,1406.048,1.4013193783003215
1096.95,2.493892539785947,657.018,1.4232624494449362,1224.014,2.010423835911224
1176.015,4.134340939013133,1151.484,4.0253874347694785,661.502,0.49999599998399985
1360.032,6.2018526264334914,691.462,1.120069640692042,1095.027,1.994058925909663
1192.045,4.866515694005312,1266.968,4.887225797934857,1320.489,2.269775098991087
1192.397,4.825493860735914,1266.958,4.906550315649478,720.001,0.8276466637400286
1322.528,5.826423946126818,894.629,2.2894014501611553,1102.989,1.3888408836148223
1250.595,2.2993422972667643,532.99,0.8172514912803768,927.555,1.1282619376722764
1191.776,4.772821387816644,1002.623,2.815825101102695,1254.489,2.301712188784688
1259.069,2.5044438504386557,1002.338,2.838618678160207,980.999,0.05476312628037226
1191.965,4.892011345039993,966.983,2.5508255526397723,1376.435,1.139199280196402
945.608,3.411793663163117,727.851,2.59090698405018,897.397,1.6850492574402682
857.102,2.589516557197501,770.482,2.295577487256747,1264.073,3.1830285892526953
1160.679,4.736661165842455,910.456,2.3073933344794075,1183.538,2.29359019879315
991.503,2.336234363243551,710.021,1.452087807262357,1207.512,1.1313072084982048
1087.908,2.56350073142178,814.466,1.665185875510599,1010.036,2.574238528186539
1409.979,0.829794552886436,1381.008,2.6404423871768152,840.479,1.112456291276201
977.412,2.3298617984764673,835.528,2.3304969427141495,1079.033,2.005968843227631
897.014,2.007437172117723,882.035,3.2049609982026306,1348.92,1.42464030548065
1012.507,2.2719927376644495,762.505,1.1331262065630643,1215.821,2.549305591724931
1292.978,6.057682395107885,1398.088,3.6685495771489856,1033.502,1.6382905725175858
1220.928,4.919635758874837,1002.486,2.900311017804815,985.007,2.040821158259586
1278.409,2.34301493806591,1280.514,2.9461507089760364,1051.552,1.1328265533611048
1322.409,5.6442642567477295,1093.968,2.5754564643961664,1142.468,1.1397262829293706
1078.512,2.82132167609438,956.894,1.9397845241160163,1103.025,1.3886594254892017
1025.993,3.198585781247706,645.987,1.9926944070780144,1339.983,1.9775517692338676
1359.807,6.061002474838629,1388.421,1.6839711992786575,612.0,0.0
1293.017,6.169012157550023,986.706,2.913685638499802,771.024,1.9973542500017367
1097.121,2.6230438425615388,1293.437,4.600003369563984,1198.462,4.140840011398653
1250.357,2.372245982186502,1245.532,2.2858206403827928,1047.053,1.3943424973800378
1191.905,5.030305656717095,1002.484,2.9872636308166713,965.001,0.031606961258558205
908.069,1.4499099972067233,615.517,1.1452995241420474,1223.833,2.002775823700696
1322.412,5.86824130383201,842.521,1.693386842986563,1294.513,1.7262186999334705
1359.789,6.053633536975955,1266.987,4.993879353768971,1084.493,1.1295800104463605
780.406,2.277095518418145,894.534,2.25140933639354,1327.446,1.7044306967430503
699.031,1.4219841771271577,957.05,1.969644637999454,1340.022,2.0133345474610027
1087.982,2.6312878975893157,1002.579,2.845656163347919,1159.474,2.2426154373855542
984.501,1.7198834262821419,428.494,0.5039484100580138,1189.526,1.1451305602419317
1268.965,3.1333328900708906,941.742,2.582912309777473,1108.478,1.6856796848749174
1278.486,2.293426257807301,1139.4,2.8722813232690143,1001.55,1.0997727037892875
1220.889,4.911484398835041,1349.766,3.2195099005904613,1066.452,1.7331174224500776
977.485,2.2833692211291634,1209.527,2.9098575566511844,1061.493,1.1099328808536126
1111.25,5.606201922870778,1280.457,2.8674293365312424,1066.45,1.6815171720800237
1238.13,4.891533501878526,1166.85,4.864719930273479,927.537,1.1316496807758134
959.865,2.5785218633938323,1084.022,3.17954650854489,1025.552,1.72084165454001
1096.953,2.6493000962518387,1064.983,1.9770460288015552,633.007,0.8191159869029536
969.016,2.5829719317096727,935.49,1.1135079703351924,1248.973,0.821140061134518
1391.979,2.616210809548802,1037.053,2.004043662199005,778.492,0.49993599590347554
1360.309,6.024078269743845,1139.692,2.8543188329266935,1402.503,0.5019870516258361
1238.155,4.952067749940423,1194.296,5.85409121896815,1320.524,2.313314505206761
1057.036,2.5625580969023902,1194.425,5.788123616509932,1231.409,2.3034146391824466
1160.461,4.469729186427294,789.997,1.4522365509792126,890.101,1.4088289463238608
1124.987,2.609373679640385,1102.541,2.3221367315470465,1072.53,1.6897041161102733
1221.151,4.862941393847966,1194.294,5.835543162380002,1244.573,1.6705301553698455
945.411,3.478804248588874,1073.45,2.8627783707440573,1041.504,1.1171320423298223
1205.423,2.8330321212439507,1166.974,4.93733976955202,997.49,1.1144056711987784
1111.085,5.480855316462933,1194.589,5.765941293492331,1056.555,1.71492711215375
1322.713,5.791945355405211,722.009,0.8312153752187215,863.035,1.4225944608355539
1067.59,3.414366705554633,1194.45,5.695041703095773,984.916,1.9740678813049972
1176.203,4.267293170148965,1280.468,2.8925725574304963,619.564,1.132211994283756
1259.08,2.5681900241220466,1084.134,3.1953159468196564,757.965,0.8036012692872008
977.485,2.2533918877993684,1037.027,1.9850115868679454,728.514,0.5018007572732429
1237.785,4.806118496250378,1267.196,4.923777411703336,1238.407,1.6921439064098538
1293.111,6.047038862120864,1397.984,3.7645376874192666,834.513,0.4998309714293424
1238.082,4.901354506664459,1102.502,2.304776778779238,979.01,0.814800589101407
1359.936,6.149951544524558,1254.013,2.648930161404789,1381.45,1.7399712641305316
1160.369,4.606608188244362,1093.922,2.6114968887593952,713.488,0.49985597925802594
1205.348,2.874525352123373,854.187,2.5748846576108995,1254.612,2.293350387533488
1322.44,5.801930713133345,868.398,2.272354725829574,1010.109,2.6961303751858883
1359.952,5.940513109151431,1380.775,2.5792198432859497,840.527,1.1194958686837573
1124.893,2.6137235890583383,808.443,1.6735444421944703,923.465,1.0939721203028896
1322.534,5.807998278236659,1308.513,4.040028589007756,1168.916,2.5932496987370883
1341.038,5.045250836182478,1245.48,2.2946895214821543,664.005,0.8142327677022094
1037.926,3.7462680096330536,1220.027,3.217494522139859,1349.029,1.428341345757379
1110.645,5.53091086530962,966.939,2.6350102466593937,1327.566,1.715705102865874
1110.98,5.561798270343865,1293.334,4.620654066255123,1306.022,3.1342488733347262
1176.31,4.354756020720335,1015.608,4.59568667339278,1123.005,2.008724719816033
1078.495,2.927793537802828,941.985,2.586653243092317,1381.496,1.6982296664467973
999.368,2.2659602820879274,728.02,2.564293274959009,1320.536,2.3363869542522275
1378.814,4.860391342268644,974.034,1.3988724030446806,1367.449,1.1512597448013198
1037.988,3.6975472951674333,949.984,2.014880641626198,1264.078,3.118960724343928
1097.027,2.6268366907746663,1129.323,2.8849039845374405,770.992,1.9839193531996204
1176.148,4.353859896689373,1194.141,5.846975200905166,1142.517,1.1152179159249551
1067.54,3.5168736116044883,853.892,2.6412754494751205,1198.325,4.033531331228257
896.983,1.9941692505903306,986.455,2.9260852687507253,1263.973,3.1594732155851553
1088.007,2.6028736043073626,1253.903,2.6486960943075366,1159.496,2.30043126391553
1191.946,4.838706852042186,1167.137,4.8990030618484,1137.44,1.7234848418248416
999.599,2.3452503064705055,1308.501,3.9076846085629784,1168.889,2.5559106009404946
1145.007,4.338081488400142,1381.037,2.5611776588124453,1210.514,0.5057706990326744
1278.463,2.3299422739630264,1308.43,4.0552558488953565,935.994,0.817290645976081
1258.899,2.5897488295199595,1397.846,3.7178332399396297,1001.463,1.104821705072814
1056.98,2.5242028444639706,808.433,1.702795055196015,1254.468,2.318830739834195
1293.082,6.0969890929868,1280.599,2.8848221782286685,1018.496,2.328515406863352
1110.969,5.487079277721437,1093.92,2.5368484385157895,1137.554,1.7375511503262284
1145.144,4.238545033381148,1025.011,0.8227265645401273,1313.951,1.4382624934273995
788.031,1.9945021935310074,776.512,1.1321907966416263,935.999,0.8252266355371717
1057.224,2.546335406029614,1083.997,3.2272265182351245,1376.537,1.1138361638948522
1125.157,2.589276153676931,678.993,1.4194896970390452,675.455,1.109042379713237
1250.505,2.295206962345662,882.038,3.033241830121693,1314.039,1.4083603942173326
1048.539,2.3749692629589965,1139.605,2.826831264861771,1198.433,3.968565357909581
891.513,1.0732338980855944,1167.104,4.9158095976146186,1108.531,1.6825691664832088
840.855,3.159109842977924,1015.367,4.643308195672564,1339.876,2.0136096940569193
1037.837,3.7712638465108745,928.909,2.6280637359090053,1207.525,1.1248888834013784
1340.816,4.9004228388987014,1194.561,5.774623710684533,1355.607,2.30446327807583
1012.372,2.3090292332493325,808.556,1.6896342799552808,776.016,0.8412752225045024
1144.82,4.3180551177584565,745.493,0.5118114887338893,1047.004,1.4436010529228636
968.869,2.650629925131005,757.501,1.701763497081777,1176.538,1.7223692983794154
984.475,1.664744725175605,635.061,0.8070185871465415,1306.201,3.1633208816052787
1048.492,2.2781431034945983,612.015,0.8202286266645417,1283.955,2.56689988117963
795.614,2.27222446074326,684.47,1.6766335318130794,1033.541,1.7367553080385274
896.953,2.0373490128105196,625.993,0.8154452771339104,1289.946,0.844443011694691
1308.009,2.5707817877058328,1194.302,5.679506668716923,1169.05,2.5631035874501835
1221.113,5.004421145347381,1323.293,4.624191929407775,1248.992,0.819717024344377
879.448,2.9518292633551826,1047.581,4.08967468143861,1355.47,2.2854102476360785
748.976,1.4537620162873979,1093.983,2.5947468084574266,1198.595,3.9472743760726847
1018.576,1.143776201885666,587.486,1.1418423709076486,882.472,1.6938760285215682
1175.746,4.292957488724993,854.033,2.5895773786469487,1372.098,1.4122308593144395
1221.002,4.8799586063818206,740.517,0.5036973297526999,803.023,0.8163767512613279
1392.084,2.676367687743969,514.501,0.5019950198956161,1168.835,2.6172074812670085
801.979,1.4129964614251518,684.351,1.705226964365741,1327.465,1.692564622104574
1322.4,5.8642987645583,537.997,0.8166951695706299,709.025,0.8187643128519954
1012.433,2.2754144677398886,1139.356,2.8686693779520844,1422.0,0.0
849.425,1.710080407466269,508.999,0.03160696125855821,1244.456,1.7561503352503736
768.494,1.1144343856862995,1220.126,3.178698475791625,1112.001,0.03160696125855821
935.025,2.5869625045601263,1308.432,4.068829807205015,1344.966,0.8227052935286122
703.47,1.0977704678119191,1166.864,4.891983646742903,1066.59,1.7302889932031584
908.019,1.3750050908996665,1267.079,4.978429370795572,1367.518,1.1016696419526137
1221.297,4.8580645323009035,1308.518,4.057299101619204,606.0,0.0
672.569,1.1230489748893413,942.048,2.5384436176523595,1362.046,1.4310429762938637
1038.092,3.6996670120431108,1266.932,4.877435391678705,944.539,1.682997029112054
1192.087,4.889931594613569,902.52,2.3425626992676203,661.498,0.49999599998399985
1026.296,3.1090808931258125,625.997,0.8215783590139166,1402.498,0.5039801583395918
1205.62,2.9406801934246434,1036.984,2.012397575033323,1415.994,0.8209531046290037
984.583,1.7225304061176976,1412.924,1.4178236843839223,668.483,1.1107254386210843
1237.764,4.830559387897017,800.493,1.115325513022992,1333.566,1.7063540078190105
822.977,1.3858105931186988,1102.441,2.3282008074906253,1041.462,1.1245247885218004
1341.048,4.940212141193938,1397.876,3.7744700290239424,551.001,0.838450356312167
1391.992,2.57370083731579,1047.527,4.072501810926546,753.487,1.7017141358054237
856.885,2.6072543029018096,1220.028,3.0451955602226928,997.505,1.1375302193788086
1322.421,5.865471762782598,1219.968,3.0956382217565412,944.47,1.6962016389568784
1341.076,4.876086955746381,1388.549,1.7296239475677944,1089.04,1.4207040508142432
1078.435,2.8456589746489303,1371.648,2.8844576613290758,819.009,0.8227508735941882
1359.86,6.001199880023994,1308.671,4.05101950131075,877.547,1.12329470754562
1176.136,4.329145874188117,1323.672,4.567539381329952,816.023,0.8417071937437627
945.298,3.509301354970815,1220.072,3.1762896593352443,979.01,0.8354040938372279
1409.98,0.8352245207128439,1349.975,3.215645347360309,849.488,1.7169321477565733
1402.218,3.3897604635136096,1349.994,3.2369683347230933,1078.93,1.9877374072044829
1259.06,2.6590223767392405,1308.337,3.994675330987488,1072.41,1.7273968854898403
811.003,0.07064700984472025,1194.725,5.794081031535545,953.504,1.1171320423298223
1340.697,4.7152084789540325,757.403,1.7118969011012317,1033.521,1.7174280188700775
1379.073,4.90730791778955,1413.029,1.4381095229501821,1333.362,1.712587516011956
1145.137,4.36144826863738,1280.309,2.8269274840363345,1355.472,2.3020026064277164
1078.362,2.992149060458052,1209.459,2.8824154801138575,1198.733,4.067150230812725
1237.754,4.816584266884574,1350.203,3.1789606792157716,1117.488,1.1259911189703053
1018.431,1.1292648050833782,1112.385,3.31221602556355,720.05,0.815781833580523
815.95,2.5825375118282405,928.914,2.6394325147652475,1224.065,2.0131505159823493
856.952,2.5872178106993617,1308.461,4.024484935988704,1147.466,1.736330613679319
1124.824,2.5645709192767514,1412.985,1.4102393413885461,761.993,1.4404690208400874
999.475,2.341660735461053,1397.932,3.680676024862824,743.972,0.8069795536443288
879.496,2.8847849139927226,1058.058,2.0220375861986346,1405.994,1.413493544378608
667.504,1.7268422047193543,1229.076,2.017479615758236,1355.494,2.284286321808192
1322.367,5.7670019074038805,1015.493,4.667328036467974,837.502,0.49999599998399985
1237.876,5.036926046707456,1015.398,4.696125637160915,834.486,0.5057706990326744
1379.258,4.919495502589671,1412.913,1.4076331198149608,975.587,1.0827885296769633
737.98,1.4098226838861687,784.487,1.7064088021338848,1345.012,0.818447310460484
795.354,2.3355264931059976,928.916,2.5839783280824937,1340.083,2.0090074663873203
1341.211,4.929754456359871,1361.059,3.186772505215896,949.007,0.8117579688552493
1025.987,3.1101175218952744,929.082,2.50983585120621,967.006,0.818513286391858
1293.082,6.116966241528557,1245.514,2.2609298971883227,859.004,0.8099283918964689
1378.988,4.9547811253374245,929.172,2.550375658604042,826.487,1.6828045043914042
1125.236,2.5865621972030755,1064.848,1.9957194191569112,822.04,0.8138795979750321
1048.361,2.317041000932008,1002.628,2.9106040610155137,1224.077,1.9872269623774736
1341.026,5.038583531112687,994.499,1.752141261428427,1039.0,0.0
1308.058,2.5908755276932935,568.524,0.4994236678412428,1365.0,0.0
879.405,2.8577919798333817,1047.472,4.0798548993806145,978.98,0.8059776671843953
1250.591,2.3348916463082396,1417.522,1.1478309980132093,689.022,0.8279589361798083
1133.543,2.28782669798217,1194.318,5.760110762823923,1299.006,0.8074428772365263
1111.141,5.353047636627195,1112.18,3.4286440468500086,806.495,1.126043960065503
1110.933,5.365306235435215,966.979,2.5326979685702753,762.015,1.429256799878874
1067.414,3.4171046223374546,1323.615,4.638402203345458,1327.482,1.6576115347089013
1160.542,4.542272118664842,1280.412,2.854865320816378,1216.073,2.6041641653321324
1038.218,3.749463428278772,1360.924,3.099713535151272,862.959,1.406882724323531
1037.884,3.7151775193118293,814.586,1.7025287075406392,1305.911,3.156434539159651
1379.215,4.9532590281551,1194.661,5.792588281588811,1047.006,1.4127859002693932
1205.597,2.8587743877403127,823.577,1.0973016905117754,886.534,0.5087671373035015
1360.397,6.059817736533006,994.646,1.6872119013330837,1123.06,2.00059991002699
1220.991,4.883945024260614,749.547,1.7348749234454914,717.516,0.509650860884194
1160.424,4.527275560422626,950.003,1.9755988965374522,1122.985,1.988661610229352
1111.078,5.536597872340017,1209.595,2.9084317079828437,1355.422,2.293014609635098
1292.848,6.031823604847873,1349.972,3.264845478732493,1362.102,1.4295439832338144
1322.587,5.883742941359691,1083.941,3.1989871834691677,1099.478,0.5015137086860139
1308.023,2.6058532191971215,1338.08,3.7565409621086254,1305.884,3.1975840880264585
1056.821,2.6315316832597704,1065.056,2.0422693260194653,1421.0,0.0
1392.098,2.5417309062920097,1337.72,3.706426850755321,1399.988,0.8172245713388702
1268.911,3.184820089110215,1047.437,3.8976956012495383,1405.987,1.4452788658248625
1392.016,2.6014888045117552,1220.051,3.2019367576515316,1390.481,0.5036258531886544
1322.285,5.666548773283434,1237.018,2.5557143815379684,1305.969,3.191557456791276
1025.851,3.068028520076044,941.96,2.6169447835214252,512.151,1.424148517536005
1221.048,4.961622315331952,1029.948,1.9817406490254976,1320.491,2.3259232575474194
1308.029,2.5608902748848883,835.564,2.253420511134129,1371.998,1.4233748627821134
1359.991,6.046231801709228,1398.309,3.7423948215013336,1399.982,0.8195584176860121
1322.558,5.911398819230521,1219.964,3.1528881997305267,1405.994,1.4163205851783698
1278.522,2.260423854059234,1179.977,2.641679579358557,1420.0,0.0
1308.032,2.6387451563195716,1293.47,4.721556946601407,1372.0,1.4338758663147937
1160.637,4.658887313511672,957.135,2.06513316761898,1333.51,1.7244999275152204
1378.946,4.898477722721622,956.967,2.0253175059728292,1390.522,0.5054859048479987
1402.39,3.5136732915853175,1254.12,2.5806200805232837,1355.623,2.3372785456594602
1322.295,5.712090247886495,1361.028,3.13930183321069,1376.482,1.1187832676617935
1237.981,5.00645972719246,1323.368,4.615038028012337,1349.011,1.4229824313743302
